[	{"COU": "DNK", "YEA": "2011", "Value": "103"},
	{"COU": "DNK", "YEA": "2012", "Value": "134"},
	{"COU": "DNK", "YEA": "2013", "Value": "111"},
	{"COU": "DNK", "YEA": "2014", "Value": "120"},
	{"COU": "DNK", "YEA": "2015", "Value": "92"},
	{"COU": "FIN", "YEA": "2011", "Value": "55"},
	{"COU": "FIN", "YEA": "2012", "Value": "54"},
	{"COU": "FIN", "YEA": "2013", "Value": "81"},
	{"COU": "FIN", "YEA": "2014", "Value": "79"},
	{"COU": "FIN", "YEA": "2015", "Value": "81"},
	{"COU": "FRA", "YEA": "2011", "Value": "1132"},
	{"COU": "FRA", "YEA": "2012", "Value": "1162"},
	{"COU": "FRA", "YEA": "2013", "Value": "1479"},
	{"COU": "FRA", "YEA": "2014", "Value": "1601"},
	{"COU": "FRA", "YEA": "2015", "Value": "2323"},
	{"COU": "DEU", "YEA": "2011", "Value": "487"},
	{"COU": "DEU", "YEA": "2012", "Value": "489"},
	{"COU": "DEU", "YEA": "2013", "Value": "1056"},
	{"COU": "DEU", "YEA": "2014", "Value": "2176"},
	{"COU": "DEU", "YEA": "2015", "Value": "2041"},
	{"COU": "GRC", "YEA": "2011", "Value": "79"},
	{"COU": "GRC", "YEA": "2012", "Value": "105"},
	{"COU": "GRC", "YEA": "2013", "Value": "144"},
	{"COU": "GRC", "YEA": "2014", "Value": "187"},
	{"COU": "GRC", "YEA": "2015", "Value": "93"},
	{"COU": "HUN", "YEA": "2011", "Value": "56"},
	{"COU": "HUN", "YEA": "2012", "Value": "59"},
	{"COU": "HUN", "YEA": "2013", "Value": "1105"},
	{"COU": "HUN", "YEA": "2014", "Value": "18"},
	{"COU": "HUN", "YEA": "2015", "Value": "529"}
]
